card_brand,fraud_rate_pct,fraud_count,total_count
Amex,0.16141880843570502,924,572424
Discover,0.2126601610712034,479,225242
Mastercard,0.14823751866783494,7109,4795682
Visa,0.14511013467846215,4820,3321615
