gender,fraud_rate_pct,fraud_count,total_count
Female,0.15287359442560955,6982,4567172
Male,0.14605117863301156,6350,4347791
