card_type,fraud_rate_pct,fraud_count,total_count
Credit,0.16306714407690379,4490,2753467
Debit,0.13453021486623762,7464,5548196
Debit (Prepaid),0.2246861242458829,1378,613300
