age_group,fraud_rate_pct,fraud_count,total_count
<25,0.12361765393738933,37,29931
25–34,0.12233139970798312,1147,937617
35–44,0.12943853904764743,2432,1878884
45–54,0.14453125,3441,2380800
55–64,0.17019945211537807,2894,1700358
65+,0.1701240783687813,3381,1987373
