has_chip,fraud_rate_pct,fraud_count,total_count
NO,0.13447653328462295,1200,892349
YES,0.15122253170849304,12132,8022614
