income_bracket,fraud_rate_pct,fraud_count,total_count
<30k,0.17503457136946177,2572,1469424
30–60k,0.1513025520638522,8786,5806908
60–100k,0.12061473934520013,1615,1338974
100–150k,0.12107041029930268,262,216403
150k+,0.1165109183943114,97,83254
